,loss,binary_accuracy,TP,TN,FP,FN,precision,recall,val_loss,val_binary_accuracy,val_TP,val_TN,val_FP,val_FN,val_precision,val_recall
0,0.0013090597931295633,0.5363805890083313,376.0,1349.0,1392.0,99.0,0.21266968548297882,0.7915789484977722,0.7328429222106934,0.4427083432674408,31.0,139.0,161.0,53.0,0.1614583283662796,0.369047611951828
1,0.0009209519485011697,0.7018035054206848,318.0,1939.0,804.0,155.0,0.28342247009277344,0.6723044514656067,0.6202954649925232,0.8020833134651184,12.0,296.0,3.0,73.0,0.800000011920929,0.1411764770746231
2,0.0007290084613487124,0.7049129605293274,323.0,1944.0,802.0,147.0,0.2871111035346985,0.6872340440750122,0.5520832538604736,0.7994791865348816,8.0,299.0,2.0,75.0,0.800000011920929,0.09638553857803345
3,0.0006292026373557746,0.7226368188858032,311.0,2013.0,732.0,160.0,0.2981783449649811,0.6602972149848938,0.8879850506782532,0.46875,45.0,135.0,165.0,39.0,0.2142857164144516,0.5357142686843872
4,0.00056423619389534,0.74284827709198,313.0,2076.0,669.0,158.0,0.318737268447876,0.6645435094833374,0.6067144274711609,0.7317708134651184,30.0,251.0,48.0,55.0,0.38461539149284363,0.3529411852359772
5,0.0005306124803610146,0.74284827709198,315.0,2074.0,668.0,159.0,0.3204476237297058,0.6645569801330566,0.5515221953392029,0.7604166865348816,37.0,255.0,45.0,47.0,0.45121949911117554,0.4404761791229248
6,0.0004914390156045556,0.7621268630027771,331.0,2120.0,622.0,143.0,0.3473242521286011,0.6983122229576111,0.5180876851081848,0.8072916865348816,8.0,302.0,0.0,74.0,1.0,0.09756097197532654
7,0.00047632885980419815,0.768034815788269,317.0,2153.0,592.0,154.0,0.34873488545417786,0.6730360984802246,0.48059237003326416,0.8333333134651184,38.0,282.0,19.0,45.0,0.6666666865348816,0.45783132314682007
8,0.00046125828521326184,0.7863805890083313,324.0,2205.0,538.0,149.0,0.37587007880210876,0.6849894523620605,0.5967409610748291,0.7057291865348816,48.0,223.0,76.0,37.0,0.3870967626571655,0.5647059082984924
9,0.0004431457200553268,0.7966417670249939,335.0,2227.0,514.0,140.0,0.3945818543434143,0.7052631378173828,0.5401915907859802,0.859375,38.0,292.0,8.0,46.0,0.8260869383811951,0.4523809552192688
10,0.00043596146861091256,0.7835820913314819,323.0,2197.0,546.0,150.0,0.37169161438941956,0.6828752756118774,0.6053688526153564,0.6822916865348816,42.0,220.0,81.0,41.0,0.3414634168148041,0.5060241222381592
11,0.0004280113789718598,0.7798507213592529,328.0,2180.0,563.0,145.0,0.36812570691108704,0.6934460997581482,0.5475166440010071,0.7630208134651184,43.0,250.0,50.0,41.0,0.46236559748649597,0.511904776096344
12,0.0004265650932211429,0.7838930487632751,331.0,2190.0,553.0,142.0,0.37443438172340393,0.6997885704040527,0.4912702739238739,0.8125,30.0,282.0,19.0,53.0,0.6122449040412903,0.3614457845687866
13,0.00041374494321644306,0.7935323119163513,339.0,2213.0,530.0,134.0,0.3901035785675049,0.7167019248008728,0.45574143528938293,0.8333333134651184,21.0,299.0,1.0,63.0,0.9545454382896423,0.25
14,0.000411804678151384,0.802860677242279,336.0,2246.0,498.0,136.0,0.40287768840789795,0.7118644118309021,0.45760592818260193,0.8385416865348816,22.0,300.0,0.0,62.0,1.0,0.261904776096344
15,0.00040153064765036106,0.8062810897827148,346.0,2247.0,496.0,127.0,0.41092637181282043,0.731501042842865,0.45173463225364685,0.8489583134651184,30.0,296.0,5.0,53.0,0.8571428656578064,0.3614457845687866
16,0.0004020456690341234,0.8031716346740723,345.0,2238.0,504.0,129.0,0.4063604176044464,0.7278481125831604,0.4141218960285187,0.8776041865348816,39.0,298.0,2.0,45.0,0.9512194991111755,0.4642857015132904
17,0.00040664940024726093,0.7969527244567871,334.0,2229.0,513.0,140.0,0.3943329453468323,0.7046413421630859,0.4730168879032135,0.8203125,14.0,301.0,0.0,69.0,1.0,0.16867469251155853
18,0.0003911667736247182,0.8177860975265503,351.0,2279.0,464.0,122.0,0.43067485094070435,0.7420718669891357,0.4545396864414215,0.84375,25.0,299.0,1.0,59.0,0.9615384340286255,0.2976190447807312
19,0.000387809268431738,0.80534827709198,346.0,2244.0,501.0,125.0,0.4085005819797516,0.7346072196960449,0.44484710693359375,0.8385416865348816,22.0,300.0,0.0,62.0,1.0,0.261904776096344
20,0.00039255438605323434,0.8218283653259277,334.0,2309.0,435.0,138.0,0.4343302845954895,0.7076271176338196,0.4528193175792694,0.8567708134651184,32.0,297.0,4.0,51.0,0.8888888955116272,0.3855421543121338
21,0.00038895048783160746,0.8134328126907349,351.0,2265.0,478.0,122.0,0.42340168356895447,0.7420718669891357,0.4748408794403076,0.8619791865348816,31.0,300.0,1.0,52.0,0.96875,0.3734939694404602
22,0.00038497368223033845,0.8125,337.0,2276.0,467.0,136.0,0.41915422677993774,0.7124735713005066,0.42415130138397217,0.8723958134651184,40.0,295.0,6.0,43.0,0.8695651888847351,0.4819277226924896
23,0.0003887439670506865,0.808768630027771,352.0,2249.0,493.0,122.0,0.4165680408477783,0.7426160573959351,0.4465760290622711,0.84375,23.0,301.0,0.0,60.0,1.0,0.27710843086242676
24,0.000380808167392388,0.8125,345.0,2268.0,478.0,125.0,0.41919806599617004,0.7340425252914429,0.4687580168247223,0.8333333134651184,21.0,299.0,0.0,64.0,1.0,0.24705882370471954
25,0.00038069512811489403,0.8261815905570984,336.0,2321.0,424.0,135.0,0.4421052634716034,0.7133758068084717,0.44903847575187683,0.8671875,37.0,296.0,7.0,44.0,0.8409090638160706,0.45679011940956116
26,0.0003865405451506376,0.8019278645515442,337.0,2242.0,499.0,138.0,0.4031100571155548,0.7094736695289612,0.4612950384616852,0.8359375,30.0,291.0,10.0,53.0,0.75,0.3614457845687866
27,0.000374196853954345,0.822139322757721,340.0,2304.0,438.0,134.0,0.4370180070400238,0.7172995805740356,0.43765735626220703,0.8671875,34.0,299.0,0.0,51.0,1.0,0.4000000059604645
28,0.00037330100894905627,0.8230721354484558,348.0,2299.0,444.0,125.0,0.43939393758773804,0.7357293963432312,0.49281784892082214,0.84375,40.0,284.0,16.0,44.0,0.7142857313156128,0.4761904776096344
29,0.0003682672104332596,0.8146766424179077,339.0,2281.0,464.0,132.0,0.4221668839454651,0.7197452187538147,0.46358421444892883,0.8645833134651184,64.0,268.0,34.0,18.0,0.6530612111091614,0.7804877758026123
30,0.00036803807597607374,0.8327114582061768,348.0,2330.0,412.0,126.0,0.4578947424888611,0.7341772317886353,0.4403550922870636,0.875,33.0,303.0,0.0,48.0,1.0,0.40740740299224854
31,0.00036642770282924175,0.8320895433425903,343.0,2333.0,409.0,131.0,0.45611703395843506,0.7236286997795105,0.47302237153053284,0.9010416865348816,51.0,295.0,5.0,33.0,0.9107142686843872,0.6071428656578064
32,0.0003694602055475116,0.8283582329750061,350.0,2314.0,430.0,122.0,0.44871795177459717,0.741525411605835,0.44784221053123474,0.8359375,20.0,301.0,0.0,63.0,1.0,0.2409638613462448
33,0.00035861515789292753,0.8351989984512329,342.0,2344.0,400.0,130.0,0.4609164297580719,0.7245762944221497,0.43311330676078796,0.8802083134651184,41.0,297.0,3.0,43.0,0.9318181872367859,0.488095223903656
34,0.0003654173342511058,0.834266185760498,340.0,2343.0,401.0,132.0,0.45883941650390625,0.7203390002250671,0.4855654239654541,0.8307291865348816,52.0,267.0,37.0,28.0,0.584269642829895,0.6499999761581421
35,0.0003621250798460096,0.8296020030975342,351.0,2317.0,425.0,123.0,0.45231959223747253,0.7405063509941101,0.4264402389526367,0.8854166865348816,41.0,299.0,2.0,42.0,0.9534883499145508,0.4939759075641632
36,0.0003576270828489214,0.8336442708969116,354.0,2327.0,419.0,116.0,0.4579560160636902,0.7531914710998535,0.41526147723197937,0.8854166865348816,40.0,300.0,0.0,44.0,1.0,0.4761904776096344
37,0.0003548396343830973,0.8432835936546326,354.0,2358.0,388.0,116.0,0.47708895802497864,0.7531914710998535,0.51167231798172,0.8541666865348816,53.0,275.0,24.0,32.0,0.6883116960525513,0.6235294342041016
38,0.0003606667451094836,0.836442768573761,355.0,2335.0,408.0,118.0,0.46526867151260376,0.7505285143852234,0.41845032572746277,0.8541666865348816,26.0,302.0,1.0,55.0,0.9629629850387573,0.32098764181137085
39,0.00035784352803602815,0.8327114582061768,354.0,2324.0,420.0,118.0,0.45736435055732727,0.75,0.41360875964164734,0.8802083134651184,35.0,303.0,0.0,46.0,1.0,0.43209877610206604
40,0.0003602275683078915,0.8320895433425903,349.0,2327.0,417.0,123.0,0.4556135833263397,0.7394067645072937,0.41411375999450684,0.8697916865348816,32.0,302.0,0.0,50.0,1.0,0.39024388790130615
41,0.0003557584132067859,0.8386194109916687,349.0,2348.0,395.0,124.0,0.46908602118492126,0.7378435730934143,0.3915550410747528,0.8828125,39.0,300.0,0.0,45.0,1.0,0.4642857015132904
42,0.00034664932172745466,0.8423507213592529,352.0,2357.0,388.0,119.0,0.47567567229270935,0.747346043586731,0.4617210626602173,0.875,37.0,299.0,3.0,45.0,0.925000011920929,0.45121949911117554
43,0.00034727639285847545,0.8491915464401245,365.0,2366.0,376.0,109.0,0.49257761240005493,0.7700421810150146,0.49521514773368835,0.8385416865348816,20.0,302.0,0.0,62.0,1.0,0.24390244483947754
44,0.00035686299088411033,0.8311567306518555,354.0,2319.0,425.0,118.0,0.4544287621974945,0.75,0.44359126687049866,0.8671875,31.0,302.0,0.0,51.0,1.0,0.37804877758026123
45,0.0003463792963884771,0.8457711338996887,366.0,2354.0,388.0,108.0,0.485411137342453,0.7721518874168396,0.3980962336063385,0.8932291865348816,44.0,299.0,1.0,40.0,0.9777777791023254,0.523809552192688
46,0.0003536760341376066,0.8383084535598755,358.0,2338.0,404.0,116.0,0.46981626749038696,0.75527423620224,0.44484928250312805,0.8854166865348816,47.0,293.0,7.0,37.0,0.8703703880310059,0.5595238208770752
47,0.0003504699852783233,0.8426616787910461,369.0,2341.0,403.0,103.0,0.47797927260398865,0.7817796468734741,0.5759276747703552,0.7734375,68.0,229.0,70.0,17.0,0.49275362491607666,0.800000011920929
48,0.0003497466095723212,0.8460820913314819,357.0,2364.0,378.0,117.0,0.48571428656578064,0.753164529800415,0.4146859347820282,0.875,37.0,299.0,0.0,48.0,1.0,0.43529412150382996
49,0.00034611174487508833,0.8457711338996887,351.0,2369.0,373.0,123.0,0.484806627035141,0.7405063509941101,0.40978944301605225,0.8854166865348816,40.0,300.0,0.0,44.0,1.0,0.4761904776096344
50,0.00034448987571522593,0.8445273637771606,361.0,2355.0,386.0,114.0,0.4832664132118225,0.7599999904632568,0.391440749168396,0.8958333134651184,43.0,301.0,0.0,40.0,1.0,0.5180723071098328
51,0.0003395349776837975,0.8690920472145081,364.0,2431.0,313.0,108.0,0.5376662015914917,0.7711864113807678,0.4179879426956177,0.8880208134651184,44.0,297.0,3.0,40.0,0.936170220375061,0.523809552192688
52,0.00034324798616580665,0.8482587337493896,363.0,2365.0,378.0,110.0,0.4898785352706909,0.7674418687820435,0.3980826437473297,0.890625,41.0,301.0,0.0,42.0,1.0,0.4939759075641632
53,0.00034038154990412295,0.8557214140892029,368.0,2384.0,360.0,104.0,0.5054945349693298,0.7796609997749329,0.4093691408634186,0.8697916865348816,35.0,299.0,1.0,49.0,0.9722222089767456,0.4166666567325592
54,0.0003387030155863613,0.8578979969024658,358.0,2401.0,341.0,116.0,0.5121602416038513,0.75527423620224,0.4264548718929291,0.9140625,52.0,299.0,0.0,33.0,1.0,0.6117647290229797
55,0.00034080498153343797,0.8516790866851807,364.0,2375.0,370.0,107.0,0.4959128201007843,0.7728237509727478,0.4015914499759674,0.890625,47.0,295.0,6.0,36.0,0.8867924809455872,0.5662650465965271
56,0.00035209368797950447,0.8467040061950684,353.0,2370.0,373.0,120.0,0.4862259030342102,0.746300220489502,0.3805191218852997,0.9010416865348816,46.0,300.0,1.0,37.0,0.978723406791687,0.5542168617248535
57,0.0003405338211450726,0.853233814239502,372.0,2372.0,371.0,101.0,0.5006729364395142,0.7864693403244019,0.42864692211151123,0.8697916865348816,35.0,299.0,1.0,49.0,0.9722222089767456,0.4166666567325592
58,0.00034027962828986347,0.8426616787910461,377.0,2333.0,408.0,98.0,0.48025476932525635,0.793684184551239,0.386310338973999,0.90625,48.0,300.0,2.0,34.0,0.9599999785423279,0.5853658318519592
59,0.0003375030355527997,0.8563432693481445,371.0,2383.0,358.0,104.0,0.5089163184165955,0.7810526490211487,0.425249308347702,0.8932291865348816,50.0,293.0,6.0,35.0,0.8928571343421936,0.5882353186607361
60,0.00033115450059995055,0.8631840944290161,375.0,2401.0,342.0,98.0,0.5230125784873962,0.7928118109703064,0.395053505897522,0.9010416865348816,57.0,289.0,13.0,25.0,0.8142856955528259,0.6951219439506531
61,0.0003342325217090547,0.8606964945793152,369.0,2399.0,346.0,102.0,0.5160838961601257,0.7834395170211792,0.4583940804004669,0.8411458134651184,22.0,301.0,0.0,61.0,1.0,0.2650602459907532
62,0.0003343124408274889,0.864116907119751,378.0,2401.0,342.0,95.0,0.5249999761581421,0.7991543412208557,0.4236896336078644,0.890625,43.0,299.0,4.0,38.0,0.914893627166748,0.5308641791343689
63,0.00033852033084258437,0.8529228568077087,365.0,2378.0,368.0,105.0,0.4979536235332489,0.7765957713127136,0.46129903197288513,0.8567708134651184,43.0,286.0,15.0,40.0,0.7413793206214905,0.5180723071098328
64,0.0003493029798846692,0.8299129605293274,361.0,2308.0,433.0,114.0,0.45465993881225586,0.7599999904632568,0.4112147390842438,0.8854166865348816,39.0,301.0,0.0,44.0,1.0,0.46987950801849365
65,0.0003376957611180842,0.8541666865348816,374.0,2373.0,369.0,100.0,0.5033647418022156,0.7890295386314392,0.4493617117404938,0.8671875,34.0,299.0,0.0,51.0,1.0,0.4000000059604645
66,0.00033700664062052965,0.85447758436203,367.0,2381.0,362.0,106.0,0.5034293532371521,0.7758985161781311,0.4465014636516571,0.890625,56.0,286.0,14.0,28.0,0.800000011920929,0.6666666865348816
67,0.0003366735763847828,0.864116907119751,381.0,2398.0,345.0,92.0,0.5247933864593506,0.8054968118667603,0.4359818696975708,0.9010416865348816,49.0,297.0,3.0,35.0,0.942307710647583,0.5833333134651184
68,0.00033250899286940694,0.856965184211731,366.0,2390.0,356.0,104.0,0.5069252252578735,0.778723418712616,0.5405465364456177,0.7942708134651184,65.0,240.0,60.0,19.0,0.5199999809265137,0.773809552192688
69,0.00032808928517624736,0.8606964945793152,367.0,2401.0,343.0,105.0,0.516901433467865,0.7775423526763916,0.428879052400589,0.8645833134651184,34.0,298.0,1.0,51.0,0.9714285731315613,0.4000000059604645
70,0.0003255501214880496,0.865360677242279,378.0,2405.0,342.0,91.0,0.5249999761581421,0.8059701323509216,0.4136815071105957,0.8723958134651184,35.0,300.0,0.0,49.0,1.0,0.4166666567325592
71,0.00032445788383483887,0.8656716346740723,378.0,2406.0,337.0,95.0,0.5286713242530823,0.7991543412208557,0.46710649132728577,0.9010416865348816,59.0,287.0,15.0,23.0,0.7972972989082336,0.7195122241973877
72,0.00032557224039919674,0.8697139024734497,377.0,2420.0,324.0,95.0,0.5378031134605408,0.7987288236618042,0.4656284749507904,0.8619791865348816,61.0,270.0,31.0,22.0,0.6630434989929199,0.7349397540092468
73,0.0003318382950965315,0.8591417670249939,381.0,2382.0,361.0,92.0,0.513477087020874,0.8054968118667603,0.4010344445705414,0.875,37.0,299.0,1.0,47.0,0.9736841917037964,0.4404761791229248
74,0.0003326220903545618,0.8597636818885803,384.0,2381.0,360.0,91.0,0.5161290168762207,0.8084210753440857,0.43250083923339844,0.8489583134651184,30.0,296.0,6.0,52.0,0.8333333134651184,0.3658536672592163
75,0.0003268856380600482,0.8638059496879578,377.0,2401.0,344.0,94.0,0.5228849053382874,0.8004246354103088,0.6279299259185791,0.8359375,21.0,300.0,0.0,63.0,1.0,0.25
76,0.0003292176697868854,0.8672263622283936,383.0,2406.0,340.0,87.0,0.5297372341156006,0.8148936033248901,0.6754143834114075,0.5286458134651184,75.0,128.0,171.0,10.0,0.3048780560493469,0.8823529481887817
77,0.0003270820016041398,0.8656716346740723,381.0,2403.0,340.0,92.0,0.5284327268600464,0.8054968118667603,0.6881453394889832,0.546875,75.0,135.0,167.0,7.0,0.3099173605442047,0.9146341681480408
78,0.00032806582748889923,0.8647388219833374,383.0,2398.0,345.0,90.0,0.526098906993866,0.8097251653671265,0.447876900434494,0.8802083134651184,53.0,285.0,15.0,31.0,0.779411792755127,0.6309523582458496
79,0.0003304686106275767,0.8591417670249939,368.0,2395.0,351.0,102.0,0.511821985244751,0.7829787135124207,1.4301600456237793,0.2421875,82.0,11.0,290.0,1.0,0.22043010592460632,0.9879518151283264
80,0.0003312597400508821,0.851057231426239,373.0,2364.0,382.0,97.0,0.49403974413871765,0.7936170101165771,0.42464229464530945,0.8958333134651184,58.0,286.0,14.0,26.0,0.8055555820465088,0.6904761791229248
81,0.0003261416859459132,0.8728233575820923,382.0,2425.0,317.0,92.0,0.5464950203895569,0.8059071898460388,0.4805992841720581,0.8411458134651184,60.0,263.0,39.0,22.0,0.6060606241226196,0.7317073345184326
82,0.00032552602351643145,0.8628731369972229,389.0,2386.0,359.0,82.0,0.5200534462928772,0.8259023427963257,0.45877254009246826,0.875,59.0,277.0,26.0,22.0,0.6941176652908325,0.7283950448036194
83,0.0003264350234530866,0.8650497794151306,374.0,2408.0,334.0,100.0,0.5282486081123352,0.7890295386314392,0.5460034608840942,0.78125,72.0,228.0,73.0,11.0,0.4965517222881317,0.8674699068069458
84,0.0003174873418174684,0.8756219148635864,381.0,2435.0,310.0,90.0,0.5513747930526733,0.808917224407196,0.40141117572784424,0.8958333134651184,46.0,298.0,1.0,39.0,0.978723406791687,0.5411764979362488
85,0.0003237406490370631,0.8662935495376587,376.0,2410.0,336.0,94.0,0.5280898809432983,0.800000011920929,0.435781866312027,0.8958333134651184,49.0,295.0,4.0,36.0,0.9245283007621765,0.5764706134796143
86,0.00032591557828709483,0.8684701323509216,383.0,2410.0,333.0,90.0,0.5349162220954895,0.8097251653671265,0.4994877874851227,0.8541666865348816,66.0,262.0,38.0,18.0,0.6346153616905212,0.7857142686843872
87,0.00032514898339286447,0.8709577322006226,379.0,2422.0,322.0,93.0,0.5406562089920044,0.8029661178588867,0.3910946846008301,0.90625,50.0,298.0,3.0,33.0,0.9433962106704712,0.6024096608161926
88,0.0003216048062313348,0.875,385.0,2429.0,313.0,89.0,0.5515759587287903,0.8122363090515137,0.38771334290504456,0.9166666865348816,52.0,300.0,0.0,32.0,1.0,0.6190476417541504
89,0.0003296551003586501,0.8662935495376587,377.0,2409.0,335.0,95.0,0.5294944047927856,0.7987288236618042,0.4190549850463867,0.8932291865348816,50.0,293.0,7.0,34.0,0.8771929740905762,0.5952380895614624
90,0.0003287355066277087,0.8625621795654297,382.0,2392.0,353.0,89.0,0.519727885723114,0.8110403418540955,0.40399837493896484,0.8854166865348816,47.0,293.0,8.0,36.0,0.8545454740524292,0.5662650465965271
91,0.0003167522372677922,0.8833954930305481,390.0,2451.0,292.0,83.0,0.5718474984169006,0.8245242834091187,0.4285624027252197,0.8932291865348816,63.0,280.0,19.0,22.0,0.7682926654815674,0.7411764860153198
92,0.0003171970893163234,0.8725124597549438,395.0,2411.0,331.0,79.0,0.5440771579742432,0.8333333134651184,0.40886810421943665,0.8802083134651184,47.0,291.0,9.0,37.0,0.8392857313156128,0.5595238208770752
93,0.0003346806624904275,0.85447758436203,369.0,2379.0,364.0,104.0,0.5034106373786926,0.7801268696784973,0.499144047498703,0.8359375,58.0,263.0,36.0,27.0,0.6170212626457214,0.6823529601097107
94,0.0003163460933137685,0.8793532252311707,384.0,2444.0,299.0,89.0,0.5622254610061646,0.8118393421173096,0.5112040638923645,0.8333333134651184,64.0,256.0,46.0,18.0,0.581818163394928,0.7804877758026123
95,0.00032079260563477874,0.8718905448913574,389.0,2415.0,327.0,85.0,0.5432960987091064,0.8206751346588135,0.39222344756126404,0.890625,40.0,302.0,0.0,42.0,1.0,0.4878048896789551
96,0.00032420389470644295,0.8666045069694519,383.0,2404.0,339.0,90.0,0.5304709076881409,0.8097251653671265,0.9781453013420105,0.8072916865348816,7.0,303.0,0.0,74.0,1.0,0.08641975373029709
97,0.0003191148571204394,0.8690920472145081,390.0,2405.0,338.0,83.0,0.5357142686843872,0.8245242834091187,0.404842734336853,0.8802083134651184,37.0,301.0,0.0,46.0,1.0,0.4457831382751465
98,0.00030969566432759166,0.8868159055709839,391.0,2461.0,283.0,81.0,0.580118715763092,0.8283898234367371,0.43704867362976074,0.8880208134651184,56.0,285.0,15.0,28.0,0.7887324094772339,0.6666666865348816
99,0.0003170330310240388,0.8768656849861145,383.0,2437.0,307.0,89.0,0.5550724864006042,0.8114407062530518,0.4022776782512665,0.8932291865348816,46.0,297.0,5.0,36.0,0.9019607901573181,0.5609756112098694
100,0.0003219505597371608,0.8777984976768494,393.0,2430.0,312.0,81.0,0.5574468374252319,0.8291139006614685,0.4803721606731415,0.8411458134651184,64.0,259.0,40.0,21.0,0.6153846383094788,0.7529411911964417
101,0.00032241822918877006,0.8672263622283936,391.0,2398.0,348.0,79.0,0.5290933847427368,0.8319149017333984,0.6878169178962708,0.6145833134651184,70.0,166.0,135.0,13.0,0.3414634168148041,0.8433734774589539
102,0.00032131970510818064,0.8706467747688293,384.0,2416.0,327.0,89.0,0.5400843620300293,0.8118393421173096,0.3985176980495453,0.8932291865348816,42.0,301.0,1.0,40.0,0.9767441749572754,0.5121951103210449
103,0.0003157458850182593,0.8765547275543213,395.0,2424.0,317.0,80.0,0.5547752976417542,0.8315789699554443,1.0873600244522095,0.2526041567325592,82.0,15.0,287.0,0.0,0.2222222238779068,1.0
104,0.000312161078909412,0.8861940503120422,397.0,2453.0,289.0,77.0,0.5787171721458435,0.8375527262687683,0.5348216891288757,0.8098958134651184,69.0,242.0,59.0,14.0,0.5390625,0.8313252925872803
105,0.0003172389115206897,0.8799751400947571,393.0,2437.0,305.0,81.0,0.5630372762680054,0.8291139006614685,0.4662123918533325,0.8776041865348816,51.0,286.0,15.0,32.0,0.7727272510528564,0.6144578456878662
106,0.0003212548326700926,0.8728233575820923,390.0,2417.0,326.0,83.0,0.5446927547454834,0.8245242834091187,0.6800643801689148,0.6432291865348816,71.0,176.0,125.0,12.0,0.3622449040412903,0.8554216623306274
107,0.00031645031413063407,0.8765547275543213,382.0,2437.0,304.0,93.0,0.556851327419281,0.8042105436325073,0.4294223487377167,0.8932291865348816,54.0,289.0,12.0,29.0,0.8181818127632141,0.650602400302887
108,0.0003066908393520862,0.8796641826629639,395.0,2434.0,309.0,78.0,0.5610795617103577,0.8350951671600342,0.3928743302822113,0.8932291865348816,46.0,297.0,4.0,37.0,0.9200000166893005,0.5542168617248535
109,0.00032463326351717114,0.8610074520111084,377.0,2392.0,350.0,97.0,0.5185694694519043,0.7953586578369141,0.584252119064331,0.7630208134651184,70.0,223.0,77.0,14.0,0.4761904776096344,0.8333333134651184
110,0.00032570690382272005,0.8666045069694519,387.0,2400.0,347.0,82.0,0.527247965335846,0.8251599073410034,0.5317211151123047,0.7916666865348816,61.0,243.0,58.0,22.0,0.5126050710678101,0.7349397540092468
111,0.0003214459284208715,0.8647388219833374,395.0,2386.0,355.0,80.0,0.5266666412353516,0.8315789699554443,0.4131382405757904,0.8932291865348816,45.0,298.0,4.0,37.0,0.918367326259613,0.5487805008888245
112,0.00030958285788074136,0.885883092880249,396.0,2453.0,288.0,79.0,0.5789473652839661,0.8336842060089111,0.42897775769233704,0.8697916865348816,39.0,295.0,4.0,46.0,0.9069767594337463,0.4588235318660736
113,0.0003178454644512385,0.8781094551086426,398.0,2426.0,317.0,75.0,0.5566433668136597,0.8414376378059387,0.6830906867980957,0.5755208134651184,75.0,146.0,154.0,9.0,0.32751092314720154,0.8928571343421936
114,0.0003200206847395748,0.8849502205848694,393.0,2453.0,291.0,79.0,0.5745614171028137,0.8326271176338196,0.432979553937912,0.8671875,49.0,284.0,15.0,36.0,0.765625,0.5764706134796143
115,0.00031268870225176215,0.8868159055709839,390.0,2462.0,281.0,83.0,0.5812220573425293,0.8245242834091187,0.4696720838546753,0.8723958134651184,59.0,276.0,25.0,24.0,0.7023809552192688,0.7108433842658997
116,0.000312761461827904,0.8830845952033997,398.0,2442.0,301.0,75.0,0.5693848133087158,0.8414376378059387,0.4915389120578766,0.8411458134651184,22.0,301.0,0.0,61.0,1.0,0.2650602459907532
117,0.0003154308069497347,0.8840174078941345,394.0,2449.0,293.0,80.0,0.5735080242156982,0.8312236070632935,0.40755000710487366,0.9010416865348816,57.0,289.0,14.0,24.0,0.8028169274330139,0.7037037014961243
118,0.00030988320941105485,0.8827736377716064,395.0,2444.0,301.0,76.0,0.5675287246704102,0.8386411666870117,0.40515437722206116,0.8958333134651184,47.0,297.0,3.0,37.0,0.9399999976158142,0.5595238208770752
119,0.000308110611513257,0.8824626803398132,400.0,2438.0,304.0,74.0,0.5681818127632141,0.8438818454742432,0.38339710235595703,0.9088541865348816,50.0,299.0,3.0,32.0,0.9433962106704712,0.6097561120986938
120,0.000315212644636631,0.8812189102172852,398.0,2436.0,308.0,74.0,0.5637393593788147,0.8432203531265259,0.38909125328063965,0.8958333134651184,50.0,294.0,7.0,33.0,0.8771929740905762,0.6024096608161926
121,0.0003049832594115287,0.8874378204345703,409.0,2445.0,298.0,64.0,0.5785006880760193,0.8646934628486633,0.449442058801651,0.8645833134651184,30.0,302.0,0.0,52.0,1.0,0.3658536672592163
122,0.00031271774787455797,0.8818408250808716,406.0,2430.0,312.0,68.0,0.5654596090316772,0.8565400838851929,0.38854697346687317,0.8854166865348816,46.0,294.0,6.0,38.0,0.8846153616905212,0.5476190447807312
123,0.00030902097932994366,0.8871268630027771,394.0,2459.0,284.0,79.0,0.5811209678649902,0.8329809904098511,0.5003179907798767,0.8255208134651184,59.0,258.0,41.0,26.0,0.5899999737739563,0.6941176652908325
124,0.00031940086046233773,0.875,393.0,2421.0,321.0,81.0,0.5504201650619507,0.8291139006614685,0.40692415833473206,0.8802083134651184,42.0,296.0,4.0,42.0,0.9130434989929199,0.5
125,0.0003108516684733331,0.8793532252311707,394.0,2434.0,310.0,78.0,0.5596590638160706,0.8347457647323608,0.6617074608802795,0.65625,72.0,180.0,123.0,9.0,0.3692307770252228,0.8888888955116272
126,0.00030708956182934344,0.8874378204345703,402.0,2452.0,291.0,71.0,0.5800865888595581,0.8498942852020264,0.4122929871082306,0.8854166865348816,42.0,298.0,5.0,39.0,0.8936170339584351,0.5185185074806213
127,0.00031660497188568115,0.8715795874595642,399.0,2404.0,339.0,74.0,0.5406504273414612,0.8435518145561218,0.5456088185310364,0.8125,60.0,252.0,49.0,23.0,0.5504587292671204,0.7228915691375732
128,0.0003144820802845061,0.8765547275543213,389.0,2430.0,313.0,84.0,0.554131031036377,0.8224101662635803,0.4124094247817993,0.8854166865348816,40.0,300.0,0.0,44.0,1.0,0.4761904776096344
129,0.0003040395095013082,0.8830845952033997,396.0,2444.0,300.0,76.0,0.568965494632721,0.8389830589294434,0.41387662291526794,0.8880208134651184,45.0,296.0,5.0,38.0,0.8999999761581421,0.5421686768531799
130,0.00030814207275398076,0.8865049481391907,398.0,2453.0,289.0,76.0,0.5793304443359375,0.8396624326705933,0.4054802358150482,0.8880208134651184,41.0,300.0,1.0,42.0,0.976190447807312,0.4939759075641632
131,0.0003103937197010964,0.8796641826629639,401.0,2428.0,314.0,73.0,0.5608391761779785,0.8459915518760681,0.8712273240089417,0.34375,80.0,52.0,249.0,3.0,0.24316109716892242,0.9638554453849792
132,0.0003136907471343875,0.8830845952033997,397.0,2443.0,298.0,78.0,0.5712230205535889,0.8357895016670227,0.4354349672794342,0.8880208134651184,51.0,290.0,12.0,31.0,0.8095238208770752,0.6219512224197388
133,0.00031157571356743574,0.8818408250808716,383.0,2453.0,293.0,87.0,0.5665680766105652,0.8148936033248901,0.39234593510627747,0.890625,46.0,296.0,4.0,38.0,0.9200000166893005,0.5476190447807312
134,0.0003183862136211246,0.8684701323509216,400.0,2393.0,349.0,74.0,0.534045398235321,0.8438818454742432,0.42936280369758606,0.890625,56.0,286.0,14.0,28.0,0.800000011920929,0.6666666865348816
135,0.00031713067437522113,0.8771766424179077,394.0,2427.0,316.0,79.0,0.5549295544624329,0.8329809904098511,0.5963475704193115,0.6927083134651184,66.0,200.0,102.0,16.0,0.3928571343421936,0.8048780560493469
136,0.0003008740895893425,0.8921020030975342,410.0,2459.0,283.0,64.0,0.5916305780410767,0.8649789094924927,0.42774662375450134,0.890625,49.0,293.0,7.0,35.0,0.875,0.5833333134651184
137,0.00029875501058995724,0.8970771431922913,402.0,2483.0,261.0,70.0,0.6063348650932312,0.8516949415206909,0.425932377576828,0.8854166865348816,56.0,284.0,16.0,28.0,0.7777777910232544,0.6666666865348816
138,0.00031201247475109994,0.8771766424179077,392.0,2429.0,312.0,83.0,0.5568181872367859,0.8252631425857544,0.9653041362762451,0.2786458432674408,80.0,27.0,274.0,3.0,0.2259887009859085,0.9638554453849792
139,0.0003073816478718072,0.8746890425682068,393.0,2420.0,323.0,80.0,0.5488826632499695,0.830866813659668,0.41868671774864197,0.875,37.0,299.0,2.0,46.0,0.9487179517745972,0.4457831382751465
140,0.0003114135761279613,0.8874378204345703,393.0,2461.0,282.0,80.0,0.5822222232818604,0.830866813659668,0.44348952174186707,0.875,47.0,289.0,13.0,35.0,0.7833333611488342,0.5731707215309143
141,0.0003089052333962172,0.88215172290802,404.0,2433.0,310.0,69.0,0.5658263564109802,0.8541226387023926,0.493867963552475,0.8255208134651184,56.0,261.0,39.0,28.0,0.5894736647605896,0.6666666865348816
142,0.000308019487420097,0.8777984976768494,399.0,2424.0,320.0,73.0,0.5549374222755432,0.8453390002250671,0.6412975788116455,0.7135416865348816,73.0,201.0,100.0,10.0,0.4219653308391571,0.8795180916786194
143,0.00030674695153720677,0.8833954930305481,395.0,2446.0,300.0,75.0,0.568345308303833,0.8404255509376526,0.42190444469451904,0.9010416865348816,53.0,293.0,7.0,31.0,0.8833333253860474,0.6309523582458496
144,0.00031865283381193876,0.8790422677993774,392.0,2435.0,309.0,80.0,0.5592011213302612,0.8305084705352783,0.5240275859832764,0.796875,66.0,240.0,59.0,19.0,0.527999997138977,0.7764706015586853
145,0.00031614190083928406,0.8802860975265503,386.0,2445.0,297.0,88.0,0.5651537179946899,0.8143460154533386,0.5887561440467834,0.7552083134651184,63.0,227.0,73.0,21.0,0.4632352888584137,0.75
146,0.00031376213883049786,0.8768656849861145,400.0,2420.0,323.0,73.0,0.5532503724098206,0.8456659913063049,0.39283785223960876,0.8932291865348816,45.0,298.0,2.0,39.0,0.957446813583374,0.5357142686843872
147,0.00030289535061456263,0.88215172290802,403.0,2434.0,312.0,67.0,0.5636363625526428,0.8574467897415161,0.5131827592849731,0.8229166865348816,72.0,244.0,56.0,12.0,0.5625,0.8571428656578064
148,0.00030275731114670634,0.8849502205848694,400.0,2446.0,298.0,72.0,0.5730658769607544,0.8474576473236084,0.9129933714866638,0.4140625,83.0,76.0,224.0,1.0,0.27035829424858093,0.988095223903656
149,0.00031053106067702174,0.8837064504623413,396.0,2446.0,297.0,77.0,0.5714285969734192,0.8372092843055725,0.41961196064949036,0.8828125,48.0,291.0,10.0,35.0,0.8275862336158752,0.5783132314682007
150,0.0003039176226593554,0.885883092880249,401.0,2448.0,296.0,71.0,0.5753228068351746,0.8495762944221497,0.53424072265625,0.8203125,67.0,248.0,54.0,15.0,0.5537189841270447,0.8170731663703918
151,0.0003110934339929372,0.8837064504623413,396.0,2446.0,299.0,75.0,0.5697841644287109,0.8407643437385559,0.44812509417533875,0.8802083134651184,50.0,288.0,13.0,33.0,0.7936508059501648,0.6024096608161926
152,0.000307488749967888,0.8868159055709839,414.0,2438.0,305.0,59.0,0.5757997035980225,0.8752642869949341,0.40184128284454346,0.8880208134651184,41.0,300.0,1.0,42.0,0.976190447807312,0.4939759075641632
153,0.00030978245195001364,0.8889925479888916,394.0,2465.0,279.0,78.0,0.5854383111000061,0.8347457647323608,0.509568989276886,0.859375,65.0,265.0,38.0,16.0,0.6310679316520691,0.8024691343307495
154,0.0003013645182363689,0.8961442708969116,410.0,2472.0,270.0,64.0,0.6029411554336548,0.8649789094924927,0.389926552772522,0.9088541865348816,47.0,302.0,1.0,34.0,0.9791666865348816,0.5802469253540039
155,0.0003128488315269351,0.88215172290802,402.0,2435.0,308.0,71.0,0.5661971569061279,0.8498942852020264,0.4950377941131592,0.796875,55.0,251.0,49.0,29.0,0.5288461446762085,0.6547619104385376
156,0.0003095925785601139,0.88215172290802,397.0,2440.0,304.0,75.0,0.5663338303565979,0.8411017060279846,0.42666903138160706,0.875,58.0,278.0,22.0,26.0,0.7250000238418579,0.6904761791229248
157,0.00030580174643546343,0.884639322757721,406.0,2439.0,305.0,66.0,0.5710267424583435,0.8601694703102112,0.5259846448898315,0.8151041865348816,68.0,245.0,56.0,15.0,0.5483871102333069,0.8192771077156067
158,0.0003028332139365375,0.8886815905570984,398.0,2460.0,283.0,75.0,0.5844346284866333,0.8414376378059387,0.49183428287506104,0.8359375,20.0,301.0,0.0,63.0,1.0,0.2409638613462448
159,0.0003071575192734599,0.8899253606796265,409.0,2453.0,290.0,64.0,0.5851216316223145,0.8646934628486633,0.45214465260505676,0.8645833134651184,50.0,282.0,20.0,32.0,0.7142857313156128,0.6097561120986938
160,0.0003063465701416135,0.8818408250808716,406.0,2430.0,312.0,68.0,0.5654596090316772,0.8565400838851929,0.4515134394168854,0.8619791865348816,29.0,302.0,0.0,53.0,1.0,0.353658527135849
161,0.00031710235634818673,0.885883092880249,393.0,2456.0,286.0,81.0,0.5787923336029053,0.8291139006614685,0.3869446814060211,0.8984375,47.0,298.0,2.0,37.0,0.9591836929321289,0.5595238208770752
162,0.0003064638003706932,0.8949005007743835,403.0,2475.0,268.0,70.0,0.6005961298942566,0.8520084619522095,0.5364890694618225,0.7760416865348816,66.0,232.0,69.0,17.0,0.4888888895511627,0.7951807379722595
163,0.00031268628663383424,0.8777984976768494,387.0,2436.0,308.0,85.0,0.5568345189094543,0.819915235042572,0.44347915053367615,0.8802083134651184,37.0,301.0,0.0,46.0,1.0,0.4457831382751465
164,0.00029469176661223173,0.8983209133148193,415.0,2474.0,271.0,56.0,0.6049562692642212,0.881104052066803,0.6206006407737732,0.6848958134651184,69.0,194.0,106.0,15.0,0.3942857086658478,0.8214285969734192
165,0.00030689872801303864,0.885883092880249,409.0,2440.0,302.0,65.0,0.5752461552619934,0.8628692030906677,0.42528247833251953,0.8854166865348816,51.0,289.0,14.0,30.0,0.7846153974533081,0.6296296119689941
166,0.0003014584945049137,0.8905472755432129,405.0,2459.0,286.0,66.0,0.586107075214386,0.8598726391792297,0.41726383566856384,0.8776041865348816,51.0,286.0,15.0,32.0,0.7727272510528564,0.6144578456878662
167,0.0003055642591789365,0.8921020030975342,401.0,2468.0,277.0,70.0,0.5914454460144043,0.8513800501823425,0.434604287147522,0.8802083134651184,47.0,291.0,9.0,37.0,0.8392857313156128,0.5595238208770752
168,0.0003225035034120083,0.864116907119751,389.0,2390.0,352.0,85.0,0.5249662399291992,0.8206751346588135,0.39305007457733154,0.9010416865348816,49.0,297.0,2.0,36.0,0.9607843160629272,0.5764706134796143
169,0.00030362451798282564,0.9001865386962891,396.0,2499.0,246.0,75.0,0.6168224215507507,0.8407643437385559,0.4007190465927124,0.9010416865348816,57.0,289.0,11.0,27.0,0.8382353186607361,0.6785714030265808
170,0.0002987037878483534,0.893034815788269,416.0,2456.0,287.0,57.0,0.5917496681213379,0.8794925808906555,0.5184712409973145,0.8229166865348816,53.0,263.0,37.0,31.0,0.5888888835906982,0.6309523582458496
171,0.0003029418585356325,0.893034815788269,400.0,2472.0,272.0,72.0,0.5952380895614624,0.8474576473236084,0.424884557723999,0.890625,53.0,289.0,10.0,32.0,0.841269850730896,0.6235294342041016
172,0.0002977348049171269,0.8986318111419678,401.0,2489.0,258.0,68.0,0.6084977388381958,0.8550106883049011,0.4591562747955322,0.8802083134651184,57.0,281.0,19.0,27.0,0.75,0.6785714030265808
173,0.0003121872141491622,0.878731369972229,397.0,2429.0,312.0,78.0,0.5599435567855835,0.8357895016670227,0.47767868638038635,0.8307291865348816,50.0,269.0,33.0,32.0,0.6024096608161926,0.6097561120986938
174,0.00030679762130603194,0.8896144032478333,399.0,2462.0,280.0,75.0,0.5876288414001465,0.8417721390724182,0.5093095898628235,0.8229166865348816,57.0,259.0,40.0,28.0,0.5876288414001465,0.6705882549285889
175,0.0003094215353485197,0.8824626803398132,399.0,2439.0,303.0,75.0,0.5683760643005371,0.8417721390724182,0.7789933085441589,0.4348958432674408,73.0,94.0,208.0,9.0,0.2597864866256714,0.8902438879013062
176,0.00031442803447134793,0.88215172290802,389.0,2448.0,296.0,83.0,0.5678831934928894,0.8241525292396545,0.43926799297332764,0.875,57.0,279.0,21.0,27.0,0.7307692170143127,0.6785714030265808
177,0.0003052480751648545,0.888059675693512,403.0,2453.0,290.0,70.0,0.5815295577049255,0.8520084619522095,0.4678659737110138,0.8671875,53.0,280.0,20.0,31.0,0.7260273694992065,0.6309523582458496
178,0.0003028052451554686,0.8945895433425903,411.0,2466.0,276.0,63.0,0.5982532501220703,0.8670886158943176,0.4600934088230133,0.8645833134651184,45.0,287.0,13.0,39.0,0.7758620977401733,0.5357142686843872
179,0.0003146780945826322,0.8784204125404358,388.0,2437.0,305.0,86.0,0.5598845481872559,0.8185654282569885,0.5229750275611877,0.8203125,67.0,248.0,53.0,16.0,0.5583333373069763,0.8072289228439331
180,0.00030407827580347657,0.8874378204345703,407.0,2447.0,295.0,67.0,0.5797720551490784,0.8586497902870178,0.7272551655769348,0.4973958432674408,79.0,112.0,188.0,5.0,0.29588013887405396,0.9404761791229248
181,0.00030719954520463943,0.8899253606796265,406.0,2456.0,288.0,66.0,0.5850144028663635,0.8601694703102112,0.44686010479927063,0.8932291865348816,56.0,287.0,13.0,28.0,0.8115941882133484,0.6666666865348816
182,0.0003050832310691476,0.8902363181114197,415.0,2448.0,295.0,58.0,0.5845070481300354,0.8773784637451172,0.6605464816093445,0.6328125,74.0,169.0,131.0,10.0,0.36097562313079834,0.8809523582458496
183,0.0003107293741777539,0.884639322757721,399.0,2446.0,296.0,75.0,0.5741007328033447,0.8417721390724182,1.0175161361694336,0.4947916567325592,77.0,113.0,187.0,7.0,0.2916666567325592,0.9166666865348816
184,0.0003051672247238457,0.8952114582061768,413.0,2466.0,275.0,62.0,0.6002907156944275,0.8694736957550049,1.054411768913269,0.2630208432674408,81.0,20.0,281.0,2.0,0.22375690937042236,0.9759036302566528
185,0.00030851425253786147,0.8902363181114197,398.0,2465.0,279.0,74.0,0.5878877639770508,0.8432203531265259,0.4219587743282318,0.90625,54.0,294.0,9.0,27.0,0.8571428656578064,0.6666666865348816
186,0.00030603742925450206,0.8855721354484558,395.0,2453.0,289.0,79.0,0.5774853825569153,0.8333333134651184,0.464739054441452,0.8723958134651184,58.0,277.0,25.0,24.0,0.6987951993942261,0.707317054271698
187,0.00030954176327213645,0.891791045665741,395.0,2473.0,272.0,76.0,0.5922039151191711,0.8386411666870117,0.44932451844215393,0.875,39.0,297.0,3.0,45.0,0.9285714030265808,0.4642857015132904
188,0.00030774620245210826,0.8852611780166626,396.0,2451.0,293.0,76.0,0.5747460126876831,0.8389830589294434,0.5856816172599792,0.7578125,71.0,220.0,79.0,14.0,0.47333332896232605,0.8352941274642944
189,0.00030008782050572336,0.8927238583564758,413.0,2458.0,286.0,59.0,0.5908440351486206,0.875,0.4843108355998993,0.8307291865348816,52.0,267.0,36.0,29.0,0.5909090638160706,0.6419752836227417
190,0.0003082730690948665,0.8924129605293274,396.0,2474.0,271.0,75.0,0.5937031507492065,0.8407643437385559,0.3944404125213623,0.9010416865348816,49.0,297.0,6.0,32.0,0.8909090757369995,0.604938268661499
191,0.0003012730448972434,0.8945895433425903,401.0,2476.0,267.0,72.0,0.6002994179725647,0.8477801084518433,0.43921732902526855,0.8932291865348816,52.0,291.0,10.0,31.0,0.8387096524238586,0.6265060305595398
192,0.0002996106632053852,0.8980099558830261,408.0,2480.0,263.0,65.0,0.6080476641654968,0.8625792860984802,0.5485082268714905,0.7864583134651184,63.0,239.0,61.0,21.0,0.5080645084381104,0.75
193,0.00030629028333351016,0.8893035054206848,405.0,2455.0,287.0,69.0,0.5852600932121277,0.8544303774833679,0.4618660509586334,0.8671875,59.0,274.0,28.0,23.0,0.6781609058380127,0.7195122241973877
194,0.0002944488078355789,0.898942768573761,409.0,2482.0,260.0,65.0,0.6113602519035339,0.8628692030906677,0.44642528891563416,0.8619791865348816,44.0,287.0,13.0,40.0,0.7719298005104065,0.523809552192688
195,0.00030065898317843676,0.8936567306518555,400.0,2474.0,274.0,68.0,0.5934718251228333,0.8547008633613586,0.7099117636680603,0.6145833134651184,76.0,160.0,139.0,9.0,0.35348838567733765,0.8941176533699036
196,0.0002969892229884863,0.8958333134651184,417.0,2464.0,279.0,56.0,0.5991379022598267,0.8816067576408386,0.5110923051834106,0.8307291865348816,66.0,253.0,49.0,16.0,0.573913037776947,0.8048780560493469
197,0.0003113340644631535,0.8824626803398132,395.0,2443.0,301.0,77.0,0.5675287246704102,0.8368644118309021,0.5638468861579895,0.7604166865348816,62.0,230.0,72.0,20.0,0.46268656849861145,0.7560975551605225
198,0.0002979484561365098,0.891791045665741,408.0,2460.0,282.0,66.0,0.591304361820221,0.8607594966888428,0.45131611824035645,0.8697916865348816,58.0,276.0,25.0,25.0,0.6987951993942261,0.6987951993942261
199,0.00029413055744953454,0.9051616787910461,411.0,2500.0,241.0,64.0,0.6303681135177612,0.8652631640434265,0.43187740445137024,0.8723958134651184,43.0,292.0,8.0,41.0,0.843137264251709,0.511904776096344
